Search-Query,URL
"Live updates: Trump news, China tariff war escalates, Supreme Court ...",//duckduckgo.com/l/?uddg=https%3A%2F%2Fwww.cnn.com%2Fpolitics%2Flive%2Dnews%2Ftrump%2Dpresidency%2Dadministration%2Dnews%2Dtariffs%2D04%2D08%2D25%2Findex.html&rut=dc2cce773e95ab8424ab69a02b7bfd7f36997f4fbacb496bfb6813ee37d86687
Donald Trump | Breaking News & Latest Updates | AP News,//duckduckgo.com/l/?uddg=https%3A%2F%2Fapnews.com%2Fhub%2Fdonald%2Dtrump&rut=11a43fa72037b3ba5de30fb5131bfb187bdad0dfb876d7ee7ebd86ce303b6844
"Trump admin live updates: Trump cancels legal status for 900,000",//duckduckgo.com/l/?uddg=https%3A%2F%2Fabcnews.go.com%2FUS%2Flive%2Dupdates%2Ftrump%2Dadmin%2Dlive%2Dupdates%2Dsecuring%2Dtrump%2D3rd%2Dterm%2F%3Fid%3D120551202&rut=da03942523d50e5c493cc9f65262adbda319593cbde0e380932f1c119bb9b6b3
Donald Trump - Wikipedia,//duckduckgo.com/l/?uddg=https%3A%2F%2Fen.wikipedia.org%2Fwiki%2FDonald_Trump&rut=f28ec03165de410d48fa500d26f45e9f86fcb23bc2fd228ca3f87d512b75a4c2
Donald Trump News: Latest on the U.S. President | NBC News,//duckduckgo.com/l/?uddg=https%3A%2F%2Fwww.nbcnews.com%2Fpolitics%2Fdonald%2Dtrump&rut=96f4461645fe45132ac65cd8907cc4ae7ec97a1f115c6a1bd8d799b91ac09eb7
"Donald J. Trump news - breaking news, video, headlines and analysis ...",//duckduckgo.com/l/?uddg=https%3A%2F%2Fwww.cnn.com%2Fpolitics%2Fpresident%2Ddonald%2Dtrump%2D47&rut=526fb64c457590660cfddaafad1d4e13160d9364fef876334bc458b09652a21f
"Donald Trump: Latest News, Top Stories & Analysis - POLITICO",//duckduckgo.com/l/?uddg=https%3A%2F%2Fwww.politico.com%2Fnews%2Fdonald%2Dtrump&rut=18dd8003af1472fcdaddf0ebf2e6d7452a68334b311cb91a5a659b99a0f5449b
Judge orders administration to preserve Signal messages; Trump ...,//duckduckgo.com/l/?uddg=https%3A%2F%2Fwww.nbcnews.com%2Fpolitics%2Ftrump%2Dadministration%2Flive%2Dblog%2Ftrump%2Dadministration%2Dsignal%2Dchat%2Dmusk%2Ddoge%2Dimmigration%2Dlive%2Dupdates%2Drcna197447&rut=02459c46e5b0709df0abc7c683186c9d107d5612db4866a6474ecaedc8a5b7f4
Latest Donald Trump News | Top Headlines on Donald Trump | Reuters,//duckduckgo.com/l/?uddg=https%3A%2F%2Fwww.reuters.com%2Fworld%2Fus%2Fdonald%2Dtrump%2F&rut=84f515a452f5b43d640c6654f23d5e82966d60f32fbf5a542d6a506d8b7c36cb
Trump wins the White House in political comeback | AP News,//duckduckgo.com/l/?uddg=https%3A%2F%2Fapnews.com%2Farticle%2Felection%2Dday%2Dtrump%2Dharris%2Dwhite%2Dhouse%2D83c8e246ab97f5b97be45cdc156af4e2&rut=6fba2b00c0ff2d4e7ff6a0754b0b20b6123d540c16e49fb3eba57229f8af25ef
